{"cameraMode":{"drawMode":0,"name":"Shaded","section":"Shading Mode"},"sceneLighting":true,"audioPlay":false,"sceneViewState":{"showFog":true,"showMaterialUpdate":false,"showSkybox":true,"showFlares":true,"showImageEffects":true,"showParticleSystems":true},"in2DMode":false,"pivot":{"x":1.98894202709198,"y":-2.444683074951172,"z":-0.4276089668273926},"rotation":{"x":0.5966300964355469,"y":-0.005279313772916794,"z":0.0038920745719224216,"w":0.8024896383285523},"size":16.48888397216797,"orthographic":false}