{"cameraMode":{"drawMode":0,"name":"Shaded","section":"Shading Mode"},"sceneLighting":true,"audioPlay":false,"sceneViewState":{"showFog":true,"showMaterialUpdate":false,"showSkybox":true,"showFlares":true,"showImageEffects":true,"showParticleSystems":true},"in2DMode":false,"pivot":{"x":3.499055862426758,"y":2.311166286468506,"z":-4.170591354370117},"rotation":{"x":-0.39563339948654177,"y":-0.3407536447048187,"z":0.16096362471580506,"w":-0.8375272154808044},"size":3.6452341079711916,"orthographic":false}