{"cameraMode":{"drawMode":0,"name":"Shaded","section":"Shading Mode"},"sceneLighting":true,"audioPlay":false,"sceneViewState":{"showFog":true,"showMaterialUpdate":false,"showSkybox":true,"showFlares":true,"showImageEffects":true,"showParticleSystems":true},"in2DMode":false,"pivot":{"x":-0.32083404064178469,"y":-0.025608062744140626,"z":-4.807483196258545},"rotation":{"x":0.3185417950153351,"y":-0.025294853374361993,"z":0.008505668491125107,"w":0.947533130645752},"size":6.2440080642700199,"orthographic":false}